Time (sec),Cell0 (V),Cell1 (V),Cell2 (V),Percentage
22.318724870681763,,0.0000,0.0000,0.0000
46.332767963409424,0.0000,0.0000,0.0000,0.0000
