Time (sec),Cell0 (V),Cell1 (V),Cell2 (V)
15.031124114990234,,-0.7680,-0.7680
30.05938196182251,-0.7680,-0.7680,-0.7680
45.0809600353241,-0.7680,-0.7680,-0.7680
