Time (sec),Cell0 (V),Cell1 (V),Cell2 (V)
16.12856912612915,,4.0845,4.1055
34.14359211921692,4.1145,4.0575,4.0905
52.15668201446533,4.1040,4.0845,4.1055
